postcode,message
AB431AG,No coordinates found for postcode
AB431AH,No coordinates found for postcode
AB431AJ,No coordinates found for postcode
AB431AL,No coordinates found for postcode
AB559AA,No coordinates found for postcode
AB559AE,No coordinates found for postcode
BD981GA,No coordinates found for postcode
BD981GB,No coordinates found for postcode
BD981GD,No coordinates found for postcode
BD981GG,No coordinates found for postcode
BD981YA,No coordinates found for postcode
BD981YB,No coordinates found for postcode
BD981YD,No coordinates found for postcode
BD981YY,No coordinates found for postcode
BD985GA,No coordinates found for postcode
BD985GG,No coordinates found for postcode
BD985YA,No coordinates found for postcode
BD985YY,No coordinates found for postcode
BN919AA,No coordinates found for postcode
BT1 1BT,No coordinates found for postcode
BT1 1TE,No coordinates found for postcode
BT1 2AL,No coordinates found for postcode
BT1 2FP,No coordinates found for postcode
BT1 3AY,No coordinates found for postcode
BT1 3DJ,No coordinates found for postcode
BT1 3FT,No coordinates found for postcode
BT1 3YE,No coordinates found for postcode
BT1 5AU,No coordinates found for postcode
BT1 6AX,No coordinates found for postcode
BT1 6JS,No coordinates found for postcode
BT1 6YL,No coordinates found for postcode
BT1 9AE,No coordinates found for postcode
BT1 9AF,No coordinates found for postcode
BT1 9AG,No coordinates found for postcode
BT1 9AJ,No coordinates found for postcode
BT1 9AP,No coordinates found for postcode
BT1 9AQ,No coordinates found for postcode
BT1 9AS,No coordinates found for postcode
BT1 9AX,No coordinates found for postcode
BT1 9AZ,No coordinates found for postcode
BT1 9BB,No coordinates found for postcode
BT1 9BG,No coordinates found for postcode
BT1 9BH,No coordinates found for postcode
BT1 9BJ,No coordinates found for postcode
BT1 9BL,No coordinates found for postcode
BT1 9BR,No coordinates found for postcode
BT1 9BS,No coordinates found for postcode
BT1 9BY,No coordinates found for postcode
BT1 9DB,No coordinates found for postcode
BT1 9DE,No coordinates found for postcode
BT1 9DF,No coordinates found for postcode
BT1 9DH,No coordinates found for postcode
BT1 9DJ,No coordinates found for postcode
BT1 9DP,No coordinates found for postcode
BT1 9DQ,No coordinates found for postcode
BT1 9EJ,No coordinates found for postcode
BT1 9EW,No coordinates found for postcode
BT1 9EX,No coordinates found for postcode
BT1 9EY,No coordinates found for postcode
BT1 9FU,No coordinates found for postcode
BT1 9FX,No coordinates found for postcode
BT1 9FY,No coordinates found for postcode
BT1 9FZ,No coordinates found for postcode
BT1 9GT,No coordinates found for postcode
BT1 9HD,No coordinates found for postcode
BT1 9HL,No coordinates found for postcode
BT1 9HT,No coordinates found for postcode
BT1 9HZ,No coordinates found for postcode
BT1 9JE,No coordinates found for postcode
BT1 9JH,No coordinates found for postcode
BT1 9JN,No coordinates found for postcode
BT1 9JW,No coordinates found for postcode
BT1 9JY,No coordinates found for postcode
BT1 9LA,No coordinates found for postcode
BT1 9LU,No coordinates found for postcode
BT1 9LZ,No coordinates found for postcode
BT1 9NT,No coordinates found for postcode
BT1 9NX,No coordinates found for postcode
BT1 9NY,No coordinates found for postcode
BT1 9PA,No coordinates found for postcode
BT1 9PG,No coordinates found for postcode
BT1 9PH,No coordinates found for postcode
BT1 9PP,No coordinates found for postcode
BT1 9PS,No coordinates found for postcode
BT1 9PT,No coordinates found for postcode
BT1 9QX,No coordinates found for postcode
BT1 9QY,No coordinates found for postcode
BT1 9QZ,No coordinates found for postcode
BT1 9RD,No coordinates found for postcode
BT1 9RJ,No coordinates found for postcode
BT1 9RL,No coordinates found for postcode
BT1 9RN,No coordinates found for postcode
BT1 9RP,No coordinates found for postcode
BT1 9RQ,No coordinates found for postcode
BT1 9RS,No coordinates found for postcode
BT1 9RW,No coordinates found for postcode
BT1 9RX,No coordinates found for postcode
BT1 9RY,No coordinates found for postcode
BT1 9RZ,No coordinates found for postcode
BT1 9SA,No coordinates found for postcode
BT1 9SB,No coordinates found for postcode
BT1 9SD,No coordinates found for postcode
BT1 9SE,No coordinates found for postcode
BT1 9SF,No coordinates found for postcode
BT1 9SG,No coordinates found for postcode
BT1 9SH,No coordinates found for postcode
BT1 9SJ,No coordinates found for postcode
BT1 9SL,No coordinates found for postcode
BT1 9SN,No coordinates found for postcode
BT1 9SP,No coordinates found for postcode
BT1 9SQ,No coordinates found for postcode
BT1 9SR,No coordinates found for postcode
BT1 9SS,No coordinates found for postcode
BT1 9ST,No coordinates found for postcode
BT1 9SU,No coordinates found for postcode
BT1 9SW,No coordinates found for postcode
BT1 9SX,No coordinates found for postcode
BT1 9SY,No coordinates found for postcode
BT1 9SZ,No coordinates found for postcode
BT1 9TA,No coordinates found for postcode
BT1 9TB,No coordinates found for postcode
BT1 9TD,No coordinates found for postcode
BT1 9TE,No coordinates found for postcode
BT1 9TF,No coordinates found for postcode
BT1 9TG,No coordinates found for postcode
BT1 9TH,No coordinates found for postcode
BT1 9TJ,No coordinates found for postcode
BT1 9TL,No coordinates found for postcode
BT1 9TN,No coordinates found for postcode
BT1 9TP,No coordinates found for postcode
BT1 9TQ,No coordinates found for postcode
BT1 9TR,No coordinates found for postcode
BT1 9TS,No coordinates found for postcode
BT1 9TT,No coordinates found for postcode
BT1 9TU,No coordinates found for postcode
BT1 9TW,No coordinates found for postcode
BT1 9TX,No coordinates found for postcode
BT1 9TY,No coordinates found for postcode
BT1 9TZ,No coordinates found for postcode
BT1 9UA,No coordinates found for postcode
BT1 9UB,No coordinates found for postcode
BT1 9UD,No coordinates found for postcode
BT1 9UE,No coordinates found for postcode
BT1 9UF,No coordinates found for postcode
BT1 9UG,No coordinates found for postcode
BT1 9UH,No coordinates found for postcode
BT1 9UJ,No coordinates found for postcode
BT1 9UL,No coordinates found for postcode
BT1 9UN,No coordinates found for postcode
BT1 9UP,No coordinates found for postcode
BT1 9UQ,No coordinates found for postcode
BT1 9UR,No coordinates found for postcode
BT1 9US,No coordinates found for postcode
BT1 9UT,No coordinates found for postcode
BT1 9UU,No coordinates found for postcode
BT1 9UW,No coordinates found for postcode
BT1 9UX,No coordinates found for postcode
BT1 9UY,No coordinates found for postcode
BT1 9UZ,No coordinates found for postcode
BT1 9WA,No coordinates found for postcode
BT1 9WB,No coordinates found for postcode
BT1 9WD,No coordinates found for postcode
BT1 9WE,No coordinates found for postcode
BT1 9WF,No coordinates found for postcode
BT1 9WG,No coordinates found for postcode
BT1 9WH,No coordinates found for postcode
BT1 9WJ,No coordinates found for postcode
BT1 9WL,No coordinates found for postcode
BT1 9WN,No coordinates found for postcode
BT1 9WP,No coordinates found for postcode
BT1 9WQ,No coordinates found for postcode
BT1 9WR,No coordinates found for postcode
BT1 9WS,No coordinates found for postcode
BT1 9WU,No coordinates found for postcode
BT1 9WY,No coordinates found for postcode
BT1 9XF,No coordinates found for postcode
BT1 9XN,No coordinates found for postcode
BT1 9XP,No coordinates found for postcode
BT1 9XQ,No coordinates found for postcode
BT1 9XS,No coordinates found for postcode
BT1 9XT,No coordinates found for postcode
BT1 9XU,No coordinates found for postcode
BT1 9XX,No coordinates found for postcode
BT1 9YB,No coordinates found for postcode
BT1 9YG,No coordinates found for postcode
BT1 9YH,No coordinates found for postcode
BT1 9YJ,No coordinates found for postcode
BT1 9YL,No coordinates found for postcode
BT1 9YS,No coordinates found for postcode
BT1 9YU,No coordinates found for postcode
BT1 9YW,No coordinates found for postcode
BT1 9ZA,No coordinates found for postcode
BT1 9ZB,No coordinates found for postcode
BT1 9ZD,No coordinates found for postcode
BT1 9ZL,No coordinates found for postcode
BT1 9ZP,No coordinates found for postcode
BT1 9ZQ,No coordinates found for postcode
BT1 9ZY,No coordinates found for postcode
BT1 9ZZ,No coordinates found for postcode
BT109BE,No coordinates found for postcode
BT109BF,No coordinates found for postcode
BT109BJ,No coordinates found for postcode
BT109BL,No coordinates found for postcode
BT109EB,No coordinates found for postcode
BT109EE,No coordinates found for postcode
BT109EF,No coordinates found for postcode
BT109EW,No coordinates found for postcode
BT109EX,No coordinates found for postcode
BT109FH,No coordinates found for postcode
BT118SB,No coordinates found for postcode
BT139BE,No coordinates found for postcode
BT139DE,No coordinates found for postcode
BT139DF,No coordinates found for postcode
BT139DP,No coordinates found for postcode
BT139DS,No coordinates found for postcode
BT139DT,No coordinates found for postcode
BT152EA,No coordinates found for postcode
BT152EB,No coordinates found for postcode
BT152ED,No coordinates found for postcode
BT161AU,No coordinates found for postcode
BT170ZE,No coordinates found for postcode
BT179BY,No coordinates found for postcode
BT188BD,No coordinates found for postcode
BT188BF,No coordinates found for postcode
BT188BQ,No coordinates found for postcode
BT188BR,No coordinates found for postcode
BT188BT,No coordinates found for postcode
BT188BW,No coordinates found for postcode
BT189GZ,No coordinates found for postcode
BT191FD,No coordinates found for postcode
BT2 7AZ,No coordinates found for postcode
BT203FH,No coordinates found for postcode
BT209BS,No coordinates found for postcode
BT209DF,No coordinates found for postcode
BT209DJ,No coordinates found for postcode
BT209DX,No coordinates found for postcode
BT209EH,No coordinates found for postcode
BT209EQ,No coordinates found for postcode
BT209FH,No coordinates found for postcode
BT209FJ,No coordinates found for postcode
BT209FX,No coordinates found for postcode
BT209GB,No coordinates found for postcode
BT209GF,No coordinates found for postcode
BT209GP,No coordinates found for postcode
BT209GS,No coordinates found for postcode
BT209GT,No coordinates found for postcode
BT209GW,No coordinates found for postcode
BT209GX,No coordinates found for postcode
BT209GY,No coordinates found for postcode
BT209SA,No coordinates found for postcode
BT209SB,No coordinates found for postcode
BT209SE,No coordinates found for postcode
BT209SF,No coordinates found for postcode
BT209SG,No coordinates found for postcode
BT209SH,No coordinates found for postcode
BT209SJ,No coordinates found for postcode
BT209SL,No coordinates found for postcode
BT209SN,No coordinates found for postcode
BT209SP,No coordinates found for postcode
BT209SQ,No coordinates found for postcode
BT209SR,No coordinates found for postcode
BT209SS,No coordinates found for postcode
BT209ST,No coordinates found for postcode
BT209SU,No coordinates found for postcode
BT209SW,No coordinates found for postcode
BT209SX,No coordinates found for postcode
BT209SY,No coordinates found for postcode
BT209SZ,No coordinates found for postcode
BT209TA,No coordinates found for postcode
BT209TB,No coordinates found for postcode
BT209TD,No coordinates found for postcode
BT209TE,No coordinates found for postcode
BT209TF,No coordinates found for postcode
BT222AG,No coordinates found for postcode
BT222GX,No coordinates found for postcode
BT222JS,No coordinates found for postcode
BT234YL,No coordinates found for postcode
BT237FZ,No coordinates found for postcode
BT237GJ,No coordinates found for postcode
BT239AP,No coordinates found for postcode
BT239BX,No coordinates found for postcode
BT239BY,No coordinates found for postcode
BT239DR,No coordinates found for postcode
BT239DS,No coordinates found for postcode
BT239EJ,No coordinates found for postcode
BT239ES,No coordinates found for postcode
BT239EZ,No coordinates found for postcode
BT239FG,No coordinates found for postcode
BT239FJ,No coordinates found for postcode
BT239FR,No coordinates found for postcode
BT239FT,No coordinates found for postcode
BT239FW,No coordinates found for postcode
BT239SA,No coordinates found for postcode
BT239SB,No coordinates found for postcode
BT239SD,No coordinates found for postcode
BT239SE,No coordinates found for postcode
BT239SF,No coordinates found for postcode
BT239SG,No coordinates found for postcode
BT239SH,No coordinates found for postcode
BT239SJ,No coordinates found for postcode
BT239SL,No coordinates found for postcode
BT239SN,No coordinates found for postcode
BT239SP,No coordinates found for postcode
BT239SQ,No coordinates found for postcode
BT239SR,No coordinates found for postcode
BT239SS,No coordinates found for postcode
BT239ST,No coordinates found for postcode
BT239SU,No coordinates found for postcode
BT239SW,No coordinates found for postcode
BT239SX,No coordinates found for postcode
BT239SY,No coordinates found for postcode
BT239SZ,No coordinates found for postcode
BT239TA,No coordinates found for postcode
BT239TB,No coordinates found for postcode
BT239TD,No coordinates found for postcode
BT239ZZ,No coordinates found for postcode
BT275FW,No coordinates found for postcode
BT275SR,No coordinates found for postcode
BT275UX,No coordinates found for postcode
BT280AA,No coordinates found for postcode
BT280AB,No coordinates found for postcode
BT280AD,No coordinates found for postcode
BT280AE,No coordinates found for postcode
BT280AF,No coordinates found for postcode
BT280AG,No coordinates found for postcode
BT280AH,No coordinates found for postcode
BT280AJ,No coordinates found for postcode
BT280AL,No coordinates found for postcode
BT282RD,No coordinates found for postcode
BT289AB,No coordinates found for postcode
BT289AD,No coordinates found for postcode
BT289AY,No coordinates found for postcode
BT289DJ,No coordinates found for postcode
BT289EB,No coordinates found for postcode
BT289ED,No coordinates found for postcode
BT289EG,No coordinates found for postcode
BT289EH,No coordinates found for postcode
BT289EJ,No coordinates found for postcode
BT289EL,No coordinates found for postcode
BT289EN,No coordinates found for postcode
BT289EP,No coordinates found for postcode
BT289EQ,No coordinates found for postcode
BT289EZ,No coordinates found for postcode
BT289FB,No coordinates found for postcode
BT289FQ,No coordinates found for postcode
BT289FT,No coordinates found for postcode
BT289FU,No coordinates found for postcode
BT289FX,No coordinates found for postcode
BT289GA,No coordinates found for postcode
BT289GE,No coordinates found for postcode
BT289GH,No coordinates found for postcode
BT289SA,No coordinates found for postcode
BT289SB,No coordinates found for postcode
BT289SD,No coordinates found for postcode
BT289SE,No coordinates found for postcode
BT289SF,No coordinates found for postcode
BT289SG,No coordinates found for postcode
BT289SH,No coordinates found for postcode
BT289SJ,No coordinates found for postcode
BT289SL,No coordinates found for postcode
BT289SN,No coordinates found for postcode
BT289SP,No coordinates found for postcode
BT289SQ,No coordinates found for postcode
BT289SR,No coordinates found for postcode
BT289SS,No coordinates found for postcode
BT289ST,No coordinates found for postcode
BT289SU,No coordinates found for postcode
BT289SW,No coordinates found for postcode
BT289SX,No coordinates found for postcode
BT289SY,No coordinates found for postcode
BT289SZ,No coordinates found for postcode
BT289TA,No coordinates found for postcode
BT289TB,No coordinates found for postcode
BT289TD,No coordinates found for postcode
BT289TE,No coordinates found for postcode
BT289TF,No coordinates found for postcode
BT289TG,No coordinates found for postcode
BT289TH,No coordinates found for postcode
BT289TJ,No coordinates found for postcode
BT289TL,No coordinates found for postcode
BT289TN,No coordinates found for postcode
BT294BG,No coordinates found for postcode
BT300AX,No coordinates found for postcode
BT300BF,No coordinates found for postcode
BT300SA,No coordinates found for postcode
BT300SB,No coordinates found for postcode
BT300SD,No coordinates found for postcode
BT300SE,No coordinates found for postcode
BT300SF,No coordinates found for postcode
BT300SG,No coordinates found for postcode
BT300SH,No coordinates found for postcode
BT300SL,No coordinates found for postcode
BT300SN,No coordinates found for postcode
BT300SP,No coordinates found for postcode
BT300SQ,No coordinates found for postcode
BT300SR,No coordinates found for postcode
BT300SS,No coordinates found for postcode
BT300ST,No coordinates found for postcode
BT300SU,No coordinates found for postcode
BT300SW,No coordinates found for postcode
BT300SX,No coordinates found for postcode
BT300SY,No coordinates found for postcode
BT300SZ,No coordinates found for postcode
BT300TA,No coordinates found for postcode
BT300TB,No coordinates found for postcode
BT300TD,No coordinates found for postcode
BT307DW,No coordinates found for postcode
BT323ET,No coordinates found for postcode
BT323ZG,No coordinates found for postcode
BT329AQ,No coordinates found for postcode
BT329BA,No coordinates found for postcode
BT329BG,No coordinates found for postcode
BT329BN,No coordinates found for postcode
BT329BP,No coordinates found for postcode
BT329BQ,No coordinates found for postcode
BT329SA,No coordinates found for postcode
BT329SB,No coordinates found for postcode
BT329SD,No coordinates found for postcode
BT329SE,No coordinates found for postcode
BT329SF,No coordinates found for postcode
BT329SG,No coordinates found for postcode
BT329SH,No coordinates found for postcode
BT329SJ,No coordinates found for postcode
BT329SL,No coordinates found for postcode
BT329SN,No coordinates found for postcode
BT329SP,No coordinates found for postcode
BT329SQ,No coordinates found for postcode
BT329SR,No coordinates found for postcode
BT329SS,No coordinates found for postcode
BT329ST,No coordinates found for postcode
BT329SU,No coordinates found for postcode
BT329SW,No coordinates found for postcode
BT329ZZ,No coordinates found for postcode
BT330UN,No coordinates found for postcode
BT343YE,No coordinates found for postcode
BT350HP,No coordinates found for postcode
BT355DF,No coordinates found for postcode
BT355DS,No coordinates found for postcode
BT355DZ,No coordinates found for postcode
BT355ED,No coordinates found for postcode
BT355EF,No coordinates found for postcode
BT355EG,No coordinates found for postcode
BT355EH,No coordinates found for postcode
BT355EP,No coordinates found for postcode
BT355EW,No coordinates found for postcode
BT355EX,No coordinates found for postcode
BT355EY,No coordinates found for postcode
BT355SA,No coordinates found for postcode
BT355SB,No coordinates found for postcode
BT355SD,No coordinates found for postcode
BT355SE,No coordinates found for postcode
BT355SF,No coordinates found for postcode
BT355SG,No coordinates found for postcode
BT355SH,No coordinates found for postcode
BT355SJ,No coordinates found for postcode
BT355SL,No coordinates found for postcode
BT355SN,No coordinates found for postcode
BT355SP,No coordinates found for postcode
BT355SQ,No coordinates found for postcode
BT355SR,No coordinates found for postcode
BT355SS,No coordinates found for postcode
BT355ST,No coordinates found for postcode
BT355SU,No coordinates found for postcode
BT355SW,No coordinates found for postcode
BT355SX,No coordinates found for postcode
BT355SY,No coordinates found for postcode
BT355SZ,No coordinates found for postcode
BT355TA,No coordinates found for postcode
BT355TB,No coordinates found for postcode
BT355TD,No coordinates found for postcode
BT355TE,No coordinates found for postcode
BT355TF,No coordinates found for postcode
BT355TG,No coordinates found for postcode
BT355TH,No coordinates found for postcode
BT355TJ,No coordinates found for postcode
BT355TL,No coordinates found for postcode
BT355TN,No coordinates found for postcode
BT356FU,No coordinates found for postcode
BT356HJ,No coordinates found for postcode
BT356PJ,No coordinates found for postcode
BT369AW,No coordinates found for postcode
BT369BP,No coordinates found for postcode
BT369BY,No coordinates found for postcode
BT369DT,No coordinates found for postcode
BT369EN,No coordinates found for postcode
BT369ER,No coordinates found for postcode
BT369EZ,No coordinates found for postcode
BT369FB,No coordinates found for postcode
BT369FD,No coordinates found for postcode
BT369FE,No coordinates found for postcode
BT369FF,No coordinates found for postcode
BT369FG,No coordinates found for postcode
BT369FN,No coordinates found for postcode
BT369FQ,No coordinates found for postcode
BT369FS,No coordinates found for postcode
BT369FT,No coordinates found for postcode
BT369SA,No coordinates found for postcode
BT369SB,No coordinates found for postcode
BT369SD,No coordinates found for postcode
BT369SE,No coordinates found for postcode
BT369SF,No coordinates found for postcode
BT369SG,No coordinates found for postcode
BT369SH,No coordinates found for postcode
BT369SL,No coordinates found for postcode
BT369SN,No coordinates found for postcode
BT369SP,No coordinates found for postcode
BT369SQ,No coordinates found for postcode
BT369SR,No coordinates found for postcode
BT369SS,No coordinates found for postcode
BT369ST,No coordinates found for postcode
BT369SU,No coordinates found for postcode
BT369SW,No coordinates found for postcode
BT369SX,No coordinates found for postcode
BT369SY,No coordinates found for postcode
BT369SZ,No coordinates found for postcode
BT369TA,No coordinates found for postcode
BT369TB,No coordinates found for postcode
BT369TD,No coordinates found for postcode
BT369TE,No coordinates found for postcode
BT369TF,No coordinates found for postcode
BT369ZZ,No coordinates found for postcode
BT380BN,No coordinates found for postcode
BT380DG,No coordinates found for postcode
BT380DH,No coordinates found for postcode
BT380SA,No coordinates found for postcode
BT380SB,No coordinates found for postcode
BT380SD,No coordinates found for postcode
BT380SE,No coordinates found for postcode
BT380SF,No coordinates found for postcode
BT380SG,No coordinates found for postcode
BT380SH,No coordinates found for postcode
BT380SJ,No coordinates found for postcode
BT380SL,No coordinates found for postcode
BT380SN,No coordinates found for postcode
BT380SP,No coordinates found for postcode
BT380SQ,No coordinates found for postcode
BT380SR,No coordinates found for postcode
BT380SS,No coordinates found for postcode
BT380ST,No coordinates found for postcode
BT380SU,No coordinates found for postcode
BT380SW,No coordinates found for postcode
BT387WA,No coordinates found for postcode
BT388GF,No constituency found for postcode
BT391BD,No coordinates found for postcode
BT399XW,No coordinates found for postcode
BT4 3YR,No coordinates found for postcode
BT4 9AQ,No coordinates found for postcode
BT4 9EU,No coordinates found for postcode
BT4 9FG,No coordinates found for postcode
BT4 9FJ,No coordinates found for postcode
BT4 9FP,No coordinates found for postcode
BT4 9FR,No coordinates found for postcode
BT4 9FS,No coordinates found for postcode
BT4 9FT,No coordinates found for postcode
BT409BD,No coordinates found for postcode
BT409BN,No coordinates found for postcode
BT409BP,No coordinates found for postcode
BT409BZ,No coordinates found for postcode
BT409SA,No coordinates found for postcode
BT409SB,No coordinates found for postcode
BT409SD,No coordinates found for postcode
BT409SE,No coordinates found for postcode
BT409SF,No coordinates found for postcode
BT409SG,No coordinates found for postcode
BT409SH,No coordinates found for postcode
BT409SJ,No coordinates found for postcode
BT409SL,No coordinates found for postcode
BT409SN,No coordinates found for postcode
BT409SQ,No coordinates found for postcode
BT409SR,No coordinates found for postcode
BT409SS,No coordinates found for postcode
BT409ST,No coordinates found for postcode
BT419AY,No coordinates found for postcode
BT419SE,No coordinates found for postcode
BT419SP,No coordinates found for postcode
BT421WZ,No coordinates found for postcode
BT429BL,No coordinates found for postcode
BT429BN,No coordinates found for postcode
BT429DG,No coordinates found for postcode
BT429DH,No coordinates found for postcode
BT429DJ,No coordinates found for postcode
BT429DL,No coordinates found for postcode
BT429DN,No coordinates found for postcode
BT429DT,No coordinates found for postcode
BT429EF,No coordinates found for postcode
BT429EP,No coordinates found for postcode
BT429EQ,No coordinates found for postcode
BT429ES,No coordinates found for postcode
BT429EU,No coordinates found for postcode
BT429EY,No coordinates found for postcode
BT429EZ,No coordinates found for postcode
BT429FD,No coordinates found for postcode
BT429SA,No coordinates found for postcode
BT429SB,No coordinates found for postcode
BT429SD,No coordinates found for postcode
BT429SE,No coordinates found for postcode
BT429SF,No coordinates found for postcode
BT429SG,No coordinates found for postcode
BT429SJ,No coordinates found for postcode
BT429SL,No coordinates found for postcode
BT429SN,No coordinates found for postcode
BT429SQ,No coordinates found for postcode
BT429SR,No coordinates found for postcode
BT429SS,No coordinates found for postcode
BT429ST,No coordinates found for postcode
BT429SU,No coordinates found for postcode
BT429SW,No coordinates found for postcode
BT429SX,No coordinates found for postcode
BT429SY,No coordinates found for postcode
BT429SZ,No coordinates found for postcode
BT429TB,No coordinates found for postcode
BT429TD,No coordinates found for postcode
BT429TE,No coordinates found for postcode
BT429ZZ,No coordinates found for postcode
BT435LL,No coordinates found for postcode
BT455FL,No coordinates found for postcode
BT459AE,No coordinates found for postcode
BT459AQ,No coordinates found for postcode
BT459AS,No coordinates found for postcode
BT459BJ,No coordinates found for postcode
BT459BL,No coordinates found for postcode
BT459BN,No coordinates found for postcode
BT459SA,No coordinates found for postcode
BT459SB,No coordinates found for postcode
BT459SD,No coordinates found for postcode
BT459SE,No coordinates found for postcode
BT459SF,No coordinates found for postcode
BT459SG,No coordinates found for postcode
BT459SH,No coordinates found for postcode
BT459SJ,No coordinates found for postcode
BT459SL,No coordinates found for postcode
BT459SN,No coordinates found for postcode
BT459SP,No coordinates found for postcode
BT459SQ,No coordinates found for postcode
BT459SR,No coordinates found for postcode
BT459SS,No coordinates found for postcode
BT459ST,No coordinates found for postcode
BT459SU,No coordinates found for postcode
BT465BY,No coordinates found for postcode
BT472FA,No coordinates found for postcode
BT473FR,No coordinates found for postcode
BT473FS,No coordinates found for postcode
BT473GZ,No coordinates found for postcode
BT480GQ,No coordinates found for postcode
BT480GR,No coordinates found for postcode
BT487BT,No coordinates found for postcode
BT487HD,No coordinates found for postcode
BT5 6QY,No coordinates found for postcode
BT5 9BD,No coordinates found for postcode
BT5 9BH,No coordinates found for postcode
BT5 9BL,No coordinates found for postcode
BT5 9BR,No coordinates found for postcode
BT5 9BU,No coordinates found for postcode
BT5 9BW,No coordinates found for postcode
BT5 9BX,No coordinates found for postcode
BT5 9DB,No coordinates found for postcode
BT5 9DH,No coordinates found for postcode
BT5 9DQ,No coordinates found for postcode
BT5 9DW,No coordinates found for postcode
BT5 9ED,No coordinates found for postcode
BT5 9EF,No coordinates found for postcode
BT5 9EL,No coordinates found for postcode
BT5 9EP,No coordinates found for postcode
BT5 9EQ,No coordinates found for postcode
BT5 9ER,No coordinates found for postcode
BT5 9ES,No coordinates found for postcode
BT5 9ET,No coordinates found for postcode
BT5 9EU,No coordinates found for postcode
BT5 9EW,No coordinates found for postcode
BT5 9EX,No coordinates found for postcode
BT5 9EY,No coordinates found for postcode
BT5 9FL,No coordinates found for postcode
BT5 9FN,No coordinates found for postcode
BT5 9FP,No coordinates found for postcode
BT5 9FZ,No coordinates found for postcode
BT5 9GD,No coordinates found for postcode
BT5 9GG,No coordinates found for postcode
BT5 9GJ,No coordinates found for postcode
BT5 9GL,No coordinates found for postcode
BT5 9GN,No coordinates found for postcode
BT5 9GP,No coordinates found for postcode
BT5 9GR,No coordinates found for postcode
BT5 9GT,No coordinates found for postcode
BT5 9GX,No coordinates found for postcode
BT5 9GY,No coordinates found for postcode
BT5 9GZ,No coordinates found for postcode
BT5 9HB,No coordinates found for postcode
BT5 9HD,No coordinates found for postcode
BT5 9HE,No coordinates found for postcode
BT5 9HF,No coordinates found for postcode
BT522BD,No coordinates found for postcode
BT522RF,No coordinates found for postcode
BT529AE,No coordinates found for postcode
BT529AF,No coordinates found for postcode
BT529AN,No coordinates found for postcode
BT529BB,No coordinates found for postcode
BT529BD,No coordinates found for postcode
BT529BE,No coordinates found for postcode
BT529BF,No coordinates found for postcode
BT529BL,No coordinates found for postcode
BT529BN,No coordinates found for postcode
BT529BQ,No coordinates found for postcode
BT529BX,No coordinates found for postcode
BT529DB,No coordinates found for postcode
BT529DD,No coordinates found for postcode
BT529DE,No coordinates found for postcode
BT529SA,No coordinates found for postcode
BT529SB,No coordinates found for postcode
BT529SD,No coordinates found for postcode
BT529SE,No coordinates found for postcode
BT529SF,No coordinates found for postcode
BT529SG,No coordinates found for postcode
BT529SH,No coordinates found for postcode
BT529SJ,No coordinates found for postcode
BT529SL,No coordinates found for postcode
BT529SN,No coordinates found for postcode
BT529SP,No coordinates found for postcode
BT529SQ,No coordinates found for postcode
BT529SR,No coordinates found for postcode
BT529SS,No coordinates found for postcode
BT529ST,No coordinates found for postcode
BT529SU,No coordinates found for postcode
BT529SW,No coordinates found for postcode
BT529SX,No coordinates found for postcode
BT529SY,No coordinates found for postcode
BT529SZ,No coordinates found for postcode
BT529TA,No coordinates found for postcode
BT529TB,No coordinates found for postcode
BT537FA,No coordinates found for postcode
BT539AA,No coordinates found for postcode
BT6 9BZ,No coordinates found for postcode
BT610AG,No coordinates found for postcode
BT610AN,No coordinates found for postcode
BT610BR,No coordinates found for postcode
BT610BU,No coordinates found for postcode
BT610DA,No coordinates found for postcode
BT610DD,No coordinates found for postcode
BT610DG,No coordinates found for postcode
BT610DH,No coordinates found for postcode
BT610SS,No coordinates found for postcode
BT635ZU,No coordinates found for postcode
BT642AN,No coordinates found for postcode
BT649AG,No coordinates found for postcode
BT659BT,No coordinates found for postcode
BT659DA,No coordinates found for postcode
BT659DR,No coordinates found for postcode
BT666FE,No coordinates found for postcode
BT667XB,No coordinates found for postcode
BT7 3BF,No coordinates found for postcode
BT7 3LZ,No coordinates found for postcode
BT709AQ,No coordinates found for postcode
BT709BN,No coordinates found for postcode
BT709BX,No coordinates found for postcode
BT709BY,No coordinates found for postcode
BT709BZ,No coordinates found for postcode
BT709DA,No coordinates found for postcode
BT709DH,No coordinates found for postcode
BT709DJ,No coordinates found for postcode
BT709SA,No coordinates found for postcode
BT709SB,No coordinates found for postcode
BT709SD,No coordinates found for postcode
BT709SE,No coordinates found for postcode
BT709SF,No coordinates found for postcode
BT709SG,No coordinates found for postcode
BT709SH,No coordinates found for postcode
BT709SJ,No coordinates found for postcode
BT709SL,No coordinates found for postcode
BT709SN,No coordinates found for postcode
BT709SP,No coordinates found for postcode
BT709SQ,No coordinates found for postcode
BT709SR,No coordinates found for postcode
BT709SS,No coordinates found for postcode
BT709ST,No coordinates found for postcode
BT709SU,No coordinates found for postcode
BT709SW,No coordinates found for postcode
BT709SX,No coordinates found for postcode
BT709SY,No coordinates found for postcode
BT709SZ,No coordinates found for postcode
BT709TA,No coordinates found for postcode
BT709TB,No coordinates found for postcode
BT740AP,No coordinates found for postcode
BT740BL,No coordinates found for postcode
BT740BN,No coordinates found for postcode
BT740BW,No coordinates found for postcode
BT740DB,No coordinates found for postcode
BT740DE,No coordinates found for postcode
BT740DG,No coordinates found for postcode
BT740SA,No coordinates found for postcode
BT740SB,No coordinates found for postcode
BT740SD,No coordinates found for postcode
BT740SE,No coordinates found for postcode
BT740SF,No coordinates found for postcode
BT740SG,No coordinates found for postcode
BT740SJ,No coordinates found for postcode
BT740SL,No coordinates found for postcode
BT740SN,No coordinates found for postcode
BT740SP,No coordinates found for postcode
BT740SQ,No coordinates found for postcode
BT740SR,No coordinates found for postcode
BT740SS,No coordinates found for postcode
BT740ST,No coordinates found for postcode
BT740SU,No coordinates found for postcode
BT740SW,No coordinates found for postcode
BT740SX,No coordinates found for postcode
BT740SY,No coordinates found for postcode
BT740SZ,No coordinates found for postcode
BT740TA,No coordinates found for postcode
BT740TB,No coordinates found for postcode
BT740TD,No coordinates found for postcode
BT744GX,No coordinates found for postcode
BT749AY,No coordinates found for postcode
BT781FB,No coordinates found for postcode
BT789AN,No coordinates found for postcode
BT789AU,No coordinates found for postcode
BT789AX,No coordinates found for postcode
BT789BF,No coordinates found for postcode
BT789BL,No coordinates found for postcode
BT789BQ,No coordinates found for postcode
BT789SA,No coordinates found for postcode
BT789SB,No coordinates found for postcode
BT789SD,No coordinates found for postcode
BT789SE,No coordinates found for postcode
BT789SF,No coordinates found for postcode
BT789SG,No coordinates found for postcode
BT789SH,No coordinates found for postcode
BT789SJ,No coordinates found for postcode
BT789SL,No coordinates found for postcode
BT789SN,No coordinates found for postcode
BT789SP,No coordinates found for postcode
BT789SQ,No coordinates found for postcode
BT789SR,No coordinates found for postcode
BT789ST,No coordinates found for postcode
BT789SU,No coordinates found for postcode
BT789SW,No coordinates found for postcode
BT789SX,No coordinates found for postcode
BT789SY,No coordinates found for postcode
BT789SZ,No coordinates found for postcode
BT789TA,No coordinates found for postcode
BT789ZZ,No coordinates found for postcode
BT801AN,No coordinates found for postcode
BT801SA,No coordinates found for postcode
BT801SB,No coordinates found for postcode
BT801SD,No coordinates found for postcode
BT801SE,No coordinates found for postcode
BT801SF,No coordinates found for postcode
BT801SG,No coordinates found for postcode
BT801SH,No coordinates found for postcode
BT801SJ,No coordinates found for postcode
BT801SL,No coordinates found for postcode
BT801SN,No coordinates found for postcode
BT801SP,No coordinates found for postcode
BT801SQ,No coordinates found for postcode
BT801SR,No coordinates found for postcode
BT801SS,No coordinates found for postcode
BT801ST,No coordinates found for postcode
BT801SU,No coordinates found for postcode
BT9 5HT,No coordinates found for postcode
BT932BR,No coordinates found for postcode
BT944QZ,No coordinates found for postcode
CO151QX,No constituency found for postcode
DG100AF,No coordinates found for postcode
DG100AG,No coordinates found for postcode
DG6 9AB,No coordinates found for postcode
E22 2AB,No coordinates found for postcode
E22 2AF,No coordinates found for postcode
EH429AG,No coordinates found for postcode
EH429AJ,No coordinates found for postcode
EH429AL,No coordinates found for postcode
EH429AN,No coordinates found for postcode
EH429AQ,No coordinates found for postcode
EH429AT,No coordinates found for postcode
EH429AU,No coordinates found for postcode
EH429BB,No coordinates found for postcode
EH429BF,No coordinates found for postcode
EH429BG,No coordinates found for postcode
EH777AA,No coordinates found for postcode
EN771AA,No coordinates found for postcode
EN771AB,No coordinates found for postcode
EN771AD,No coordinates found for postcode
EN771AE,No coordinates found for postcode
EN771AN,No coordinates found for postcode
EN771AS,No coordinates found for postcode
EN771AU,No coordinates found for postcode
EN771AW,No coordinates found for postcode
EN771AZ,No coordinates found for postcode
EN771BA,No coordinates found for postcode
EN771BD,No coordinates found for postcode
EN771BE,No coordinates found for postcode
EN771DL,No coordinates found for postcode
EN771ES,No coordinates found for postcode
EN771EW,No coordinates found for postcode
EN771FF,No coordinates found for postcode
EN771FN,No coordinates found for postcode
EN771FP,No coordinates found for postcode
EN771HQ,No coordinates found for postcode
EN771JL,No coordinates found for postcode
EN771LD,No coordinates found for postcode
EN771LG,No coordinates found for postcode
EN771LJ,No coordinates found for postcode
EN771LL,No coordinates found for postcode
EN771LX,No coordinates found for postcode
EN771NF,No coordinates found for postcode
EN771NS,No coordinates found for postcode
EN771NT,No coordinates found for postcode
EN771NU,No coordinates found for postcode
EN771NW,No coordinates found for postcode
EN771PH,No coordinates found for postcode
EN771PS,No coordinates found for postcode
EN771QA,No coordinates found for postcode
EN771RB,No coordinates found for postcode
EN771RG,No coordinates found for postcode
EN771RP,No coordinates found for postcode
EN771RS,No coordinates found for postcode
EN771RZ,No coordinates found for postcode
EN771SA,No coordinates found for postcode
EN771SE,No coordinates found for postcode
EN771SF,No coordinates found for postcode
EN771SP,No coordinates found for postcode
EN771SR,No coordinates found for postcode
EN771SW,No coordinates found for postcode
EN771SZ,No coordinates found for postcode
EN771TA,No coordinates found for postcode
EN771TE,No coordinates found for postcode
EN771TF,No coordinates found for postcode
EN771TG,No coordinates found for postcode
EN771TJ,No coordinates found for postcode
EN771TQ,No coordinates found for postcode
EN771TS,No coordinates found for postcode
EN771TW,No coordinates found for postcode
EN771TX,No coordinates found for postcode
EN771UA,No coordinates found for postcode
EN771UB,No coordinates found for postcode
EN771UF,No coordinates found for postcode
EN771WB,No coordinates found for postcode
EN771XY,No coordinates found for postcode
EN771YL,No coordinates found for postcode
EN771ZA,No coordinates found for postcode
EX6 9AB,No coordinates found for postcode
G45 5AG,No coordinates found for postcode
GIR 0AA,No coordinates found for postcode
IV409AD,No coordinates found for postcode
IV409AE,No coordinates found for postcode
IV510AE,No coordinates found for postcode
KA266AB,No coordinates found for postcode
KA266AD,No coordinates found for postcode
KW172BD,No constituency found for postcode
KY5 5AG,No coordinates found for postcode
KY5 5AJ,No coordinates found for postcode
M35 5AN,No coordinates found for postcode
M35 5AP,No coordinates found for postcode
M35 5AQ,No coordinates found for postcode
N1P 3AA,No coordinates found for postcode
N1P 3AB,No coordinates found for postcode
N1P 3AD,No coordinates found for postcode
N1P 3AE,No coordinates found for postcode
N1P 3AF,No coordinates found for postcode
N1P 3AJ,No coordinates found for postcode
N1P 3AL,No coordinates found for postcode
N1P 3AN,No coordinates found for postcode
N1P 3AP,No coordinates found for postcode
N1P 3AQ,No coordinates found for postcode
N1P 3AS,No coordinates found for postcode
N1P 3AT,No coordinates found for postcode
N1P 3AU,No coordinates found for postcode
N1P 3AW,No coordinates found for postcode
N1P 3AX,No coordinates found for postcode
N1P 3BA,No coordinates found for postcode
N1P 3BB,No coordinates found for postcode
N1P 3BD,No coordinates found for postcode
N1P 3BE,No coordinates found for postcode
N1P 3BF,No coordinates found for postcode
N1P 3BG,No coordinates found for postcode
N1P 3BH,No coordinates found for postcode
N1P 3BN,No coordinates found for postcode
N1P 3BP,No coordinates found for postcode
N1P 3BQ,No coordinates found for postcode
N1P 3BR,No coordinates found for postcode
N1P 3BS,No coordinates found for postcode
N1P 3BW,No coordinates found for postcode
N1P 3BX,No coordinates found for postcode
N1P 3BY,No coordinates found for postcode
N1P 3BZ,No coordinates found for postcode
N1P 3DA,No coordinates found for postcode
N1P 3DD,No coordinates found for postcode
N1P 3DG,No coordinates found for postcode
N1P 3DH,No coordinates found for postcode
N1P 3DJ,No coordinates found for postcode
N1P 3DL,No coordinates found for postcode
N1P 3DN,No coordinates found for postcode
N1P 3DQ,No coordinates found for postcode
N1P 3DR,No coordinates found for postcode
N1P 3DS,No coordinates found for postcode
N1P 3DT,No coordinates found for postcode
N1P 3DU,No coordinates found for postcode
N1P 3DY,No coordinates found for postcode
N1P 3DZ,No coordinates found for postcode
N1P 3EA,No coordinates found for postcode
N1P 3EB,No coordinates found for postcode
N1P 3ED,No coordinates found for postcode
N1P 3EG,No coordinates found for postcode
N1P 3EH,No coordinates found for postcode
N1P 3EJ,No coordinates found for postcode
N1P 3EL,No coordinates found for postcode
N1P 3EN,No coordinates found for postcode
N1P 3ET,No coordinates found for postcode
N1P 3EU,No coordinates found for postcode
N1P 3EX,No coordinates found for postcode
N1P 3EY,No coordinates found for postcode
N1P 3EZ,No coordinates found for postcode
N1P 3FA,No coordinates found for postcode
N1P 3FB,No coordinates found for postcode
N1P 3FD,No coordinates found for postcode
N1P 3FE,No coordinates found for postcode
N1P 3FF,No coordinates found for postcode
N1P 3FG,No coordinates found for postcode
N1P 3FH,No coordinates found for postcode
N1P 3FP,No coordinates found for postcode
N1P 3FW,No coordinates found for postcode
N1P 3GA,No coordinates found for postcode
N1P 3GB,No coordinates found for postcode
N1P 3GD,No coordinates found for postcode
N1P 3GE,No coordinates found for postcode
N1P 3GF,No coordinates found for postcode
N1P 3GG,No coordinates found for postcode
N1P 3GH,No coordinates found for postcode
N1P 3GJ,No coordinates found for postcode
N1P 3GL,No coordinates found for postcode
N1P 3GN,No coordinates found for postcode
N1P 3GT,No coordinates found for postcode
N1P 3GX,No coordinates found for postcode
N1P 3GY,No coordinates found for postcode
N1P 3GZ,No coordinates found for postcode
N1P 3HA,No coordinates found for postcode
N1P 3HB,No coordinates found for postcode
N1P 3HD,No coordinates found for postcode
N1P 3HH,No coordinates found for postcode
N1P 3HJ,No coordinates found for postcode
N1P 3HL,No coordinates found for postcode
N1P 3HN,No coordinates found for postcode
N1P 3HP,No coordinates found for postcode
N1P 3HR,No coordinates found for postcode
N1P 3HS,No coordinates found for postcode
N1P 3HT,No coordinates found for postcode
N1P 3HU,No coordinates found for postcode
N1P 3HW,No coordinates found for postcode
N1P 3HX,No coordinates found for postcode
N1P 3HZ,No coordinates found for postcode
N1P 3JA,No coordinates found for postcode
N1P 3JB,No coordinates found for postcode
N1P 3JD,No coordinates found for postcode
N1P 3JE,No coordinates found for postcode
N1P 3JF,No coordinates found for postcode
N1P 3JH,No coordinates found for postcode
N1P 3JJ,No coordinates found for postcode
N1P 3JL,No coordinates found for postcode
N1P 3JN,No coordinates found for postcode
N1P 3JP,No coordinates found for postcode
N1P 3JR,No coordinates found for postcode
N1P 3JS,No coordinates found for postcode
N1P 3JT,No coordinates found for postcode
N1P 3JU,No coordinates found for postcode
N1P 3JW,No coordinates found for postcode
N1P 3JX,No coordinates found for postcode
N1P 3LF,No coordinates found for postcode
N1P 3LN,No coordinates found for postcode
N1P 3LP,No coordinates found for postcode
N1P 3LQ,No coordinates found for postcode
N1P 3LR,No coordinates found for postcode
N1P 3LS,No coordinates found for postcode
N1P 3LW,No coordinates found for postcode
N1P 3LX,No coordinates found for postcode
N1P 3LY,No coordinates found for postcode
N1P 3LZ,No coordinates found for postcode
N1P 3NA,No coordinates found for postcode
N1P 3NB,No coordinates found for postcode
N1P 3ND,No coordinates found for postcode
N1P 3NE,No coordinates found for postcode
N1P 3NF,No coordinates found for postcode
N1P 3NG,No coordinates found for postcode
N1P 3NQ,No coordinates found for postcode
N1P 3PA,No coordinates found for postcode
N1P 3PH,No coordinates found for postcode
N1P 3PJ,No coordinates found for postcode
N1P 3PL,No coordinates found for postcode
N1P 3PN,No coordinates found for postcode
N1P 3PP,No coordinates found for postcode
N1P 3PQ,No coordinates found for postcode
N1P 3PS,No coordinates found for postcode
N1P 3PT,No coordinates found for postcode
N1P 3PU,No coordinates found for postcode
N1P 3PW,No coordinates found for postcode
N1P 3PX,No coordinates found for postcode
N1P 3QA,No coordinates found for postcode
N1P 3QF,No coordinates found for postcode
N1P 3QG,No coordinates found for postcode
N1P 3QH,No coordinates found for postcode
N1P 3QJ,No coordinates found for postcode
N1P 3QL,No coordinates found for postcode
N1P 3QN,No coordinates found for postcode
N1P 3QT,No coordinates found for postcode
N1P 3QU,No coordinates found for postcode
N1P 3QW,No coordinates found for postcode
N1P 3QX,No coordinates found for postcode
N1P 3QY,No coordinates found for postcode
N1P 3QZ,No coordinates found for postcode
N1P 3RB,No coordinates found for postcode
N1P 3RE,No coordinates found for postcode
N1P 3RF,No coordinates found for postcode
N1P 3RG,No coordinates found for postcode
N1P 3RH,No coordinates found for postcode
N1P 3RJ,No coordinates found for postcode
N1P 3RL,No coordinates found for postcode
N1P 3RN,No coordinates found for postcode
N1P 3RR,No coordinates found for postcode
N1P 3RS,No coordinates found for postcode
N1P 3RT,No coordinates found for postcode
N1P 3RU,No coordinates found for postcode
N1P 3RW,No coordinates found for postcode
N1P 3RX,No coordinates found for postcode
N1P 3RZ,No coordinates found for postcode
N1P 3SA,No coordinates found for postcode
N1P 3SB,No coordinates found for postcode
N1P 3SD,No coordinates found for postcode
N1P 3SE,No coordinates found for postcode
N1P 3SH,No coordinates found for postcode
N1P 3SJ,No coordinates found for postcode
N1P 3SL,No coordinates found for postcode
N1P 3SN,No coordinates found for postcode
N1P 3SP,No coordinates found for postcode
N1P 3SS,No coordinates found for postcode
N1P 3SU,No coordinates found for postcode
N1P 3SW,No coordinates found for postcode
N1P 3SX,No coordinates found for postcode
N1P 3SY,No coordinates found for postcode
N1P 3SZ,No coordinates found for postcode
N1P 3TA,No coordinates found for postcode
N1P 3TB,No coordinates found for postcode
N1P 3TD,No coordinates found for postcode
N1P 3TE,No coordinates found for postcode
N1P 3TF,No coordinates found for postcode
N1P 3TG,No coordinates found for postcode
N1P 3TH,No coordinates found for postcode
N1P 3TJ,No coordinates found for postcode
N1P 3TL,No coordinates found for postcode
N1P 3TN,No coordinates found for postcode
N1P 3TP,No coordinates found for postcode
NE419AA,No coordinates found for postcode
NW1W6AA,No coordinates found for postcode
NW1W6AB,No coordinates found for postcode
NW1W6AD,No coordinates found for postcode
NW1W6AE,No coordinates found for postcode
NW1W6AG,No coordinates found for postcode
NW1W6AH,No coordinates found for postcode
NW1W6AJ,No coordinates found for postcode
NW1W6AL,No coordinates found for postcode
NW1W6AN,No coordinates found for postcode
NW1W6AP,No coordinates found for postcode
NW1W6AQ,No coordinates found for postcode
NW1W6AR,No coordinates found for postcode
NW1W6AS,No coordinates found for postcode
NW1W6AT,No coordinates found for postcode
NW1W6AX,No coordinates found for postcode
NW1W6AZ,No coordinates found for postcode
NW1W6BB,No coordinates found for postcode
NW1W6BD,No coordinates found for postcode
NW1W6BE,No coordinates found for postcode
NW1W6BF,No coordinates found for postcode
NW1W6BG,No coordinates found for postcode
NW1W6BH,No coordinates found for postcode
NW1W6BJ,No coordinates found for postcode
NW1W6BL,No coordinates found for postcode
NW1W6BN,No coordinates found for postcode
NW1W6BP,No coordinates found for postcode
NW1W6BR,No coordinates found for postcode
NW1W6BS,No coordinates found for postcode
NW1W6BT,No coordinates found for postcode
NW1W6BU,No coordinates found for postcode
NW1W6BW,No coordinates found for postcode
NW1W6BX,No coordinates found for postcode
NW1W6BZ,No coordinates found for postcode
NW1W6DA,No coordinates found for postcode
NW1W6DB,No coordinates found for postcode
NW1W6DD,No coordinates found for postcode
NW1W6DE,No coordinates found for postcode
NW1W6DF,No coordinates found for postcode
NW1W6DG,No coordinates found for postcode
NW1W6DH,No coordinates found for postcode
NW1W6DJ,No coordinates found for postcode
NW1W6DL,No coordinates found for postcode
NW1W6DN,No coordinates found for postcode
NW1W6DP,No coordinates found for postcode
NW1W6DQ,No coordinates found for postcode
NW1W6DT,No coordinates found for postcode
NW1W6DU,No coordinates found for postcode
NW1W6DW,No coordinates found for postcode
NW1W6DX,No coordinates found for postcode
NW1W6DY,No coordinates found for postcode
NW1W6EF,No coordinates found for postcode
NW1W6EG,No coordinates found for postcode
NW1W6EH,No coordinates found for postcode
NW1W6EJ,No coordinates found for postcode
NW1W6EL,No coordinates found for postcode
NW1W6EP,No coordinates found for postcode
NW1W6EQ,No coordinates found for postcode
NW1W6ER,No coordinates found for postcode
NW1W6ES,No coordinates found for postcode
NW1W6ET,No coordinates found for postcode
NW1W6EU,No coordinates found for postcode
NW1W6EX,No coordinates found for postcode
NW1W6EY,No coordinates found for postcode
NW1W6EZ,No coordinates found for postcode
NW1W6FA,No coordinates found for postcode
NW1W6FB,No coordinates found for postcode
NW1W6FD,No coordinates found for postcode
NW1W6FE,No coordinates found for postcode
NW1W6FF,No coordinates found for postcode
NW1W6FG,No coordinates found for postcode
NW1W6FH,No coordinates found for postcode
NW1W6FJ,No coordinates found for postcode
NW1W6FL,No coordinates found for postcode
NW1W6FN,No coordinates found for postcode
NW1W6FP,No coordinates found for postcode
NW1W6FQ,No coordinates found for postcode
NW1W6FR,No coordinates found for postcode
NW1W6FT,No coordinates found for postcode
NW1W6FU,No coordinates found for postcode
NW1W6FW,No coordinates found for postcode
NW1W6FX,No coordinates found for postcode
NW1W6FY,No coordinates found for postcode
NW1W6FZ,No coordinates found for postcode
NW1W6GA,No coordinates found for postcode
PA429AB,No coordinates found for postcode
PO241AA,No coordinates found for postcode
PO332HF,No constituency found for postcode
S94 1AA,No coordinates found for postcode
S94 1AB,No coordinates found for postcode
SE1P6AD,No coordinates found for postcode
SE1P6AE,No coordinates found for postcode
SE1P6AF,No coordinates found for postcode
SE1P6AG,No coordinates found for postcode
SE1P6AH,No coordinates found for postcode
SE1P6AJ,No coordinates found for postcode
SE1P6AL,No coordinates found for postcode
SE1P6AP,No coordinates found for postcode
SE1P6AQ,No coordinates found for postcode
SE1P6AR,No coordinates found for postcode
SE1P6AS,No coordinates found for postcode
SE1P6AT,No coordinates found for postcode
SE1P6AX,No coordinates found for postcode
SE1P6AY,No coordinates found for postcode
SE1P6AZ,No coordinates found for postcode
SE1P6BA,No coordinates found for postcode
SE1P6BB,No coordinates found for postcode
SE1P6BD,No coordinates found for postcode
SE1P6BE,No coordinates found for postcode
SE1P6BF,No coordinates found for postcode
SE1P6BG,No coordinates found for postcode
SE1P6BH,No coordinates found for postcode
SE1P6BQ,No coordinates found for postcode
SE1P6BR,No coordinates found for postcode
SE1P6BS,No coordinates found for postcode
SE1P6BT,No coordinates found for postcode
SE1P6BU,No coordinates found for postcode
SE1P6DB,No coordinates found for postcode
SE1P6DD,No coordinates found for postcode
SE1P6DE,No coordinates found for postcode
SE1P6DF,No coordinates found for postcode
SE1P6DG,No coordinates found for postcode
SE1P6DH,No coordinates found for postcode
SE1P6DJ,No coordinates found for postcode
SE1P6DL,No coordinates found for postcode
SE1P6DN,No coordinates found for postcode
SE1P6DP,No coordinates found for postcode
SE1P6DT,No coordinates found for postcode
SE1P6DU,No coordinates found for postcode
SE1P6DW,No coordinates found for postcode
SE1P6DX,No coordinates found for postcode
SE1P6DY,No coordinates found for postcode
SE1P6ED,No coordinates found for postcode
SE1P6EE,No coordinates found for postcode
SE1P6EF,No coordinates found for postcode
SE1P6EG,No coordinates found for postcode
SE1P6EH,No coordinates found for postcode
SE1P6EL,No coordinates found for postcode
SE1P6EN,No coordinates found for postcode
SE1P6EP,No coordinates found for postcode
SE1P6EQ,No coordinates found for postcode
SE1P6ER,No coordinates found for postcode
SE1P6EW,No coordinates found for postcode
SE1P6EX,No coordinates found for postcode
SE1P6EY,No coordinates found for postcode
SE1P6EZ,No coordinates found for postcode
SE1P6FA,No coordinates found for postcode
SE1P6FF,No coordinates found for postcode
SE1P6FG,No coordinates found for postcode
SE1P6FJ,No coordinates found for postcode
SE1P6FL,No coordinates found for postcode
SE1P6FP,No coordinates found for postcode
SE1P6FQ,No coordinates found for postcode
SE1P6FR,No coordinates found for postcode
SE1P6FS,No coordinates found for postcode
SE1P6FT,No coordinates found for postcode
SE1P6FU,No coordinates found for postcode
SE1P6FW,No coordinates found for postcode
SE1P6FX,No coordinates found for postcode
SE1P6FY,No coordinates found for postcode
SE1P6FZ,No coordinates found for postcode
SE1P6GF,No coordinates found for postcode
SE1P6GG,No coordinates found for postcode
SE1P6GH,No coordinates found for postcode
SE1P6GJ,No coordinates found for postcode
SE1P6GL,No coordinates found for postcode
SE1P6GN,No coordinates found for postcode
SE1P6GS,No coordinates found for postcode
SE1P6GU,No coordinates found for postcode
SE1P6GW,No coordinates found for postcode
SE1P6GX,No coordinates found for postcode
SE1P6GY,No coordinates found for postcode
SE1P6GZ,No coordinates found for postcode
SE1P6HD,No coordinates found for postcode
SE1P6HE,No coordinates found for postcode
SE1P6HF,No coordinates found for postcode
SE1P6HG,No coordinates found for postcode
SE1P6HH,No coordinates found for postcode
SE1P6HJ,No coordinates found for postcode
SE1P6HL,No coordinates found for postcode
SE1P6HN,No coordinates found for postcode
SE1P6HP,No coordinates found for postcode
SE1P6HQ,No coordinates found for postcode
SE1P6HR,No coordinates found for postcode
SE1P6HS,No coordinates found for postcode
SE1P6HT,No coordinates found for postcode
SE1P6HU,No coordinates found for postcode
SE1P6HW,No coordinates found for postcode
SE1P6HX,No coordinates found for postcode
SE1P6HY,No coordinates found for postcode
SE1P6HZ,No coordinates found for postcode
SE1P6JB,No coordinates found for postcode
SE1P6JG,No coordinates found for postcode
SE1P6JH,No coordinates found for postcode
SE1P6JJ,No coordinates found for postcode
SE1P6JL,No coordinates found for postcode
SE1P6JN,No coordinates found for postcode
SE1P6JP,No coordinates found for postcode
SE1P6JQ,No coordinates found for postcode
SE1P6JR,No coordinates found for postcode
SE1P6JS,No coordinates found for postcode
SE1P6JT,No coordinates found for postcode
SE1P6JU,No coordinates found for postcode
SE1P6JZ,No coordinates found for postcode
SE1P6LB,No coordinates found for postcode
SE1P6LD,No coordinates found for postcode
SE1P6LE,No coordinates found for postcode
SE1P6LF,No coordinates found for postcode
SE1P6LG,No coordinates found for postcode
SE1P6LH,No coordinates found for postcode
SE1P6LJ,No coordinates found for postcode
SE1P6LL,No coordinates found for postcode
SE1P6LN,No coordinates found for postcode
SE1P6LP,No coordinates found for postcode
SE1P6LQ,No coordinates found for postcode
SE1P6LR,No coordinates found for postcode
SE1P6LS,No coordinates found for postcode
SE1P6LT,No coordinates found for postcode
SE1P6LU,No coordinates found for postcode
SE1P6LY,No coordinates found for postcode
SE1P6LZ,No coordinates found for postcode
SE1P6NA,No coordinates found for postcode
SE1P6NB,No coordinates found for postcode
SE1P6ND,No coordinates found for postcode
SE1P6NE,No coordinates found for postcode
SE1P6NN,No coordinates found for postcode
SE1P6NW,No coordinates found for postcode
SE1P6NX,No coordinates found for postcode
SE1P6NY,No coordinates found for postcode
SE1P6NZ,No coordinates found for postcode
SE1P6PA,No coordinates found for postcode
SE1P6PN,No coordinates found for postcode
SE1P6PP,No coordinates found for postcode
SE1P6PQ,No coordinates found for postcode
SE1P6PR,No coordinates found for postcode
SE1P6PS,No coordinates found for postcode
SE1P6PT,No coordinates found for postcode
SE1P6PU,No coordinates found for postcode
SE1P6PZ,No coordinates found for postcode
SE1P6QB,No coordinates found for postcode
SE1P6QD,No coordinates found for postcode
SE1P6QE,No coordinates found for postcode
SE1P6QF,No coordinates found for postcode
SE1P6QG,No coordinates found for postcode
SE1P6QR,No coordinates found for postcode
SE1P6QS,No coordinates found for postcode
SE1P6QU,No coordinates found for postcode
SE1P6QW,No coordinates found for postcode
SE1P6QX,No coordinates found for postcode
SE1P6QY,No coordinates found for postcode
SE1P6QZ,No coordinates found for postcode
SE1P6RE,No coordinates found for postcode
SE1P6RF,No coordinates found for postcode
SE1P6RG,No coordinates found for postcode
SE1P6RH,No coordinates found for postcode
SE1P6RJ,No coordinates found for postcode
SE1P6RP,No coordinates found for postcode
SE1P6RQ,No coordinates found for postcode
SE1P6RR,No coordinates found for postcode
SE1P6RS,No coordinates found for postcode
SE1P6RT,No coordinates found for postcode
SE1P6RW,No coordinates found for postcode
SE1P6RY,No coordinates found for postcode
SE1P6RZ,No coordinates found for postcode
SE1P6SE,No coordinates found for postcode
SE1P6SF,No coordinates found for postcode
SE1P6SG,No coordinates found for postcode
SE1P6SH,No coordinates found for postcode
SE1P6SJ,No coordinates found for postcode
SE1P6SP,No coordinates found for postcode
SE1P6SQ,No coordinates found for postcode
SE1P6SR,No coordinates found for postcode
SE1P6SS,No coordinates found for postcode
SE1P6ST,No coordinates found for postcode
SE1P6SU,No coordinates found for postcode
SE1P6SW,No coordinates found for postcode
SE1P6SX,No coordinates found for postcode
SE1P6SY,No coordinates found for postcode
SE1P6SZ,No coordinates found for postcode
SE1P6TA,No coordinates found for postcode
SE1P6TB,No coordinates found for postcode
SE1P6TD,No coordinates found for postcode
SE1P6TE,No coordinates found for postcode
SE1P6TF,No coordinates found for postcode
SE1P6TG,No coordinates found for postcode
SE1P6TH,No coordinates found for postcode
SE1P6TJ,No coordinates found for postcode
SE1P6TL,No coordinates found for postcode
SE1P6TN,No coordinates found for postcode
SE1P6TP,No coordinates found for postcode
SE1P6TR,No coordinates found for postcode
SE1P6TS,No coordinates found for postcode
SE1P6TT,No coordinates found for postcode
SE1P6TU,No coordinates found for postcode
SE1P6TW,No coordinates found for postcode
SE1P6TX,No coordinates found for postcode
SE1P6TY,No coordinates found for postcode
SE1P6TZ,No coordinates found for postcode
SE1P6UB,No coordinates found for postcode
SE1P6UD,No coordinates found for postcode
SE1P6UE,No coordinates found for postcode
SR432AA,No coordinates found for postcode
SR432AB,No coordinates found for postcode
SR432AD,No coordinates found for postcode
SR432SB,No coordinates found for postcode
SR432SD,No coordinates found for postcode
SR432SE,No coordinates found for postcode
SR432SF,No coordinates found for postcode
SR433AA,No coordinates found for postcode
SR433AB,No coordinates found for postcode
SR433AD,No coordinates found for postcode
SR433AE,No coordinates found for postcode
SR433SB,No coordinates found for postcode
SR434AA,No coordinates found for postcode
SR434AB,No coordinates found for postcode
SR434AD,No coordinates found for postcode
SR434AE,No coordinates found for postcode
SR434AF,No coordinates found for postcode
SR434AG,No coordinates found for postcode
SR434AH,No coordinates found for postcode
SR434AJ,No coordinates found for postcode
SR434AL,No coordinates found for postcode
SR434AN,No coordinates found for postcode
SR434AP,No coordinates found for postcode
SR434AQ,No coordinates found for postcode
SR434AR,No coordinates found for postcode
SR434AS,No coordinates found for postcode
SR434AT,No coordinates found for postcode
SR434AU,No coordinates found for postcode
SR434AW,No coordinates found for postcode
SR434AX,No coordinates found for postcode
SR434AY,No coordinates found for postcode
SR434AZ,No coordinates found for postcode
SR434BA,No coordinates found for postcode
SR434BB,No coordinates found for postcode
SR434BD,No coordinates found for postcode
SR434BE,No coordinates found for postcode
SR434BF,No coordinates found for postcode
SR434BG,No coordinates found for postcode
SR434BH,No coordinates found for postcode
SR434BJ,No coordinates found for postcode
SR434BL,No coordinates found for postcode
SR434BN,No coordinates found for postcode
SR434BP,No coordinates found for postcode
SR434BQ,No coordinates found for postcode
SR434BR,No coordinates found for postcode
SR434BS,No coordinates found for postcode
SR434BT,No coordinates found for postcode
SR434BU,No coordinates found for postcode
SR434BW,No coordinates found for postcode
SR434BX,No coordinates found for postcode
SR434BY,No coordinates found for postcode
SR434BZ,No coordinates found for postcode
SR434DA,No coordinates found for postcode
SR434DB,No coordinates found for postcode
SR434DD,No coordinates found for postcode
SR434DE,No coordinates found for postcode
SR434DF,No coordinates found for postcode
SR434DG,No coordinates found for postcode
SR434DH,No coordinates found for postcode
SR434DJ,No coordinates found for postcode
SR434DL,No coordinates found for postcode
SR434DN,No coordinates found for postcode
SR434DP,No coordinates found for postcode
SR434DQ,No coordinates found for postcode
SR434DR,No coordinates found for postcode
SR434DS,No coordinates found for postcode
SR434DT,No coordinates found for postcode
SR434DU,No coordinates found for postcode
SR434DW,No coordinates found for postcode
SR434DX,No coordinates found for postcode
SR434DY,No coordinates found for postcode
SR434DZ,No coordinates found for postcode
SR434EA,No coordinates found for postcode
SR434EB,No coordinates found for postcode
SR434ED,No coordinates found for postcode
SR434EE,No coordinates found for postcode
SR434EF,No coordinates found for postcode
SR434EG,No coordinates found for postcode
SR434EH,No coordinates found for postcode
SR434EJ,No coordinates found for postcode
SR434EL,No coordinates found for postcode
SR434EN,No coordinates found for postcode
SR434EP,No coordinates found for postcode
SR434EQ,No coordinates found for postcode
SR434ER,No coordinates found for postcode
SR434ES,No coordinates found for postcode
SR434ET,No coordinates found for postcode
SR434EU,No coordinates found for postcode
SR434EW,No coordinates found for postcode
SR434EX,No coordinates found for postcode
SR434EY,No coordinates found for postcode
SR434EZ,No coordinates found for postcode
SR434FA,No coordinates found for postcode
SR434FB,No coordinates found for postcode
SR434FD,No coordinates found for postcode
SR434FE,No coordinates found for postcode
SR434FF,No coordinates found for postcode
SR434FG,No coordinates found for postcode
SR434FH,No coordinates found for postcode
SR434FJ,No coordinates found for postcode
SR434FL,No coordinates found for postcode
SR434FN,No coordinates found for postcode
SR434FP,No coordinates found for postcode
SR434FQ,No coordinates found for postcode
SR434FR,No coordinates found for postcode
SR434FS,No coordinates found for postcode
SR434FT,No coordinates found for postcode
SR434FU,No coordinates found for postcode
SR434FW,No coordinates found for postcode
SR434FX,No coordinates found for postcode
SR434FY,No coordinates found for postcode
SR434FZ,No coordinates found for postcode
SR434GA,No coordinates found for postcode
SR434GB,No coordinates found for postcode
SR434GD,No coordinates found for postcode
SR434GE,No coordinates found for postcode
SR434GF,No coordinates found for postcode
SR434GG,No coordinates found for postcode
SR434GH,No coordinates found for postcode
SR434GJ,No coordinates found for postcode
SR434GL,No coordinates found for postcode
SR434GN,No coordinates found for postcode
SR434GP,No coordinates found for postcode
SR434GQ,No coordinates found for postcode
SR434GR,No coordinates found for postcode
SR434GS,No coordinates found for postcode
SR434GT,No coordinates found for postcode
SR434GU,No coordinates found for postcode
SR434GW,No coordinates found for postcode
SR434GX,No coordinates found for postcode
SR434GY,No coordinates found for postcode
SR434GZ,No coordinates found for postcode
SR434HA,No coordinates found for postcode
SR434HB,No coordinates found for postcode
SR434HD,No coordinates found for postcode
SR434HE,No coordinates found for postcode
SR434HF,No coordinates found for postcode
SR434HG,No coordinates found for postcode
SR434HH,No coordinates found for postcode
SR434HJ,No coordinates found for postcode
SR434HL,No coordinates found for postcode
SR434HN,No coordinates found for postcode
SR434HP,No coordinates found for postcode
SR434HQ,No coordinates found for postcode
SR434HR,No coordinates found for postcode
SR434HS,No coordinates found for postcode
SR434HT,No coordinates found for postcode
SR434HU,No coordinates found for postcode
SR434HW,No coordinates found for postcode
SR434HX,No coordinates found for postcode
SR434HY,No coordinates found for postcode
SR434HZ,No coordinates found for postcode
SR434JA,No coordinates found for postcode
SR434JB,No coordinates found for postcode
SR434JD,No coordinates found for postcode
SR434JE,No coordinates found for postcode
SR434JF,No coordinates found for postcode
SR434JG,No coordinates found for postcode
SR434JH,No coordinates found for postcode
SR434JJ,No coordinates found for postcode
SR434JL,No coordinates found for postcode
SR434JN,No coordinates found for postcode
SY189AA,No coordinates found for postcode
TW159FR,No coordinates found for postcode
TW159FT,No coordinates found for postcode
TW159FW,No coordinates found for postcode
TW159FX,No coordinates found for postcode
WD3 2HW,No coordinates found for postcode
WV982AA,No coordinates found for postcode
WV982AB,No coordinates found for postcode
WV982AD,No coordinates found for postcode
WV982AE,No coordinates found for postcode
WV982AF,No coordinates found for postcode
WV982AG,No coordinates found for postcode
WV982AH,No coordinates found for postcode
WV982AJ,No coordinates found for postcode
WV982AL,No coordinates found for postcode
WV982AN,No coordinates found for postcode
WV982AP,No coordinates found for postcode
WV982AQ,No coordinates found for postcode
WV982AR,No coordinates found for postcode
WV982AS,No coordinates found for postcode
WV982AT,No coordinates found for postcode
WV982AU,No coordinates found for postcode
WV982AW,No coordinates found for postcode
WV982AX,No coordinates found for postcode
WV982AY,No coordinates found for postcode
WV982AZ,No coordinates found for postcode
WV982BA,No coordinates found for postcode
WV982BB,No coordinates found for postcode
WV982BD,No coordinates found for postcode
WV982BE,No coordinates found for postcode
WV982BF,No coordinates found for postcode
WV982BG,No coordinates found for postcode
WV982BH,No coordinates found for postcode
WV982BJ,No coordinates found for postcode
WV982BL,No coordinates found for postcode
WV982BN,No coordinates found for postcode
WV982BP,No coordinates found for postcode
WV982BQ,No coordinates found for postcode
WV982BR,No coordinates found for postcode
WV982BS,No coordinates found for postcode
WV982BT,No coordinates found for postcode
WV982BU,No coordinates found for postcode
WV982BW,No coordinates found for postcode
WV982BX,No coordinates found for postcode
WV982BY,No coordinates found for postcode
WV982BZ,No coordinates found for postcode
WV982DA,No coordinates found for postcode
WV982DB,No coordinates found for postcode
WV982DD,No coordinates found for postcode
WV982DE,No coordinates found for postcode
WV982DF,No coordinates found for postcode
WV982DG,No coordinates found for postcode
WV982DH,No coordinates found for postcode
WV982DJ,No coordinates found for postcode
WV982DL,No coordinates found for postcode
WV982DN,No coordinates found for postcode
WV982DP,No coordinates found for postcode
WV982DQ,No coordinates found for postcode
WV982DR,No coordinates found for postcode
WV982DS,No coordinates found for postcode
WV982DT,No coordinates found for postcode
WV982DU,No coordinates found for postcode
WV982DW,No coordinates found for postcode
WV982DX,No coordinates found for postcode
WV982DY,No coordinates found for postcode
WV982DZ,No coordinates found for postcode
WV982EA,No coordinates found for postcode
WV982EB,No coordinates found for postcode
WV982ED,No coordinates found for postcode
WV982EE,No coordinates found for postcode
WV982EF,No coordinates found for postcode
WV982EG,No coordinates found for postcode
WV982EH,No coordinates found for postcode
WV982EJ,No coordinates found for postcode
WV982EL,No coordinates found for postcode
WV982EN,No coordinates found for postcode
WV982EP,No coordinates found for postcode
WV982EQ,No coordinates found for postcode
WV982ER,No coordinates found for postcode
WV982ES,No coordinates found for postcode
WV982ET,No coordinates found for postcode
WV982EU,No coordinates found for postcode
WV982EW,No coordinates found for postcode
WV982EX,No coordinates found for postcode
WV982EY,No coordinates found for postcode
WV982EZ,No coordinates found for postcode
WV982FA,No coordinates found for postcode
WV982FB,No coordinates found for postcode
WV982FD,No coordinates found for postcode
WV982FE,No coordinates found for postcode
WV982FF,No coordinates found for postcode
WV982FG,No coordinates found for postcode
WV982FH,No coordinates found for postcode
WV982FJ,No coordinates found for postcode
WV982FL,No coordinates found for postcode
WV982FN,No coordinates found for postcode
WV982FP,No coordinates found for postcode
WV982FQ,No coordinates found for postcode
WV982FR,No coordinates found for postcode
WV982FS,No coordinates found for postcode
WV982FT,No coordinates found for postcode
WV982FU,No coordinates found for postcode
WV982FW,No coordinates found for postcode
WV982FX,No coordinates found for postcode
WV982FY,No coordinates found for postcode
WV982FZ,No coordinates found for postcode
WV982GA,No coordinates found for postcode
WV982GB,No coordinates found for postcode
WV982GD,No coordinates found for postcode
WV982GE,No coordinates found for postcode
WV982GF,No coordinates found for postcode
WV982GG,No coordinates found for postcode
WV982GH,No coordinates found for postcode
WV982GJ,No coordinates found for postcode
